,Band gap (eV),Structure,A-site,B-site,B'-site,X-site,W_B,EN_B,EA_B,1IE_B,2IE_B,3IE_B,D_B,S_B,HV_B,W_X,S_X,t(AR),u(IR)
CsBaBr3,5.14,ABX3,Cs,Ba,,Br,137.33,0.89,13.95,502.90,965.20,3600.00,3510.00,205.00,140.00,79.90,947.30,0.80,0.69
CsBaCl3,6.00,ABX3,Cs,Ba,,Cl,137.33,0.89,13.95,502.90,965.20,3600.00,3510.00,205.00,140.00,35.45,478.20,0.80,0.75
CsBaI3,4.31,ABX3,Cs,Ba,,I,137.33,0.89,13.95,502.90,965.20,3600.00,3510.00,205.00,140.00,126.90,429.00,0.79,0.61
CsBeBr3,2.01,ABX3,Cs,Be,,Br,9.01,1.57,-48.00,899.50,1757.10,14848.70,1848.00,1820.00,297.00,79.90,947.30,1.35,0.23
CsBeCl3,3.68,ABX3,Cs,Be,,Cl,9.01,1.57,-48.00,899.50,1757.10,14848.70,1848.00,1820.00,297.00,35.45,478.20,1.40,0.25
CsBeI3,0.09,ABX3,Cs,Be,,I,9.01,1.57,-48.00,899.50,1757.10,14848.70,1848.00,1820.00,297.00,126.90,429.00,1.29,0.20
CsCaBr3,5.62,ABX3,Cs,Ca,,Br,40.08,1.00,2.37,589.80,1145.40,4912.40,1550.00,631.00,155.00,79.90,947.30,0.96,0.51
CsCaCl3,6.81,ABX3,Cs,Ca,,Cl,40.08,1.00,2.37,589.80,1145.40,4912.40,1550.00,631.00,155.00,35.45,478.20,0.98,0.55
CsCaI3,4.62,ABX3,Cs,Ca,,I,40.08,1.00,2.37,589.80,1145.40,4912.40,1550.00,631.00,155.00,126.90,429.00,0.95,0.45
CsCdBr3,1.83,ABX3,Cs,Cd,,Br,112.41,1.69,-68.00,867.80,1631.40,3616.00,7140.00,230.00,119.00,79.90,947.30,1.09,0.48
CsCdCl3,3.14,ABX3,Cs,Cd,,Cl,112.41,1.69,-68.00,867.80,1631.40,3616.00,7140.00,230.00,119.00,35.45,478.20,1.11,0.52
CsCdI3,0.28,ABX3,Cs,Cd,,I,112.41,1.69,-68.00,867.80,1631.40,3616.00,7140.00,230.00,119.00,126.90,429.00,1.06,0.43
CsGeBr3,1.01,ABX3,Cs,Ge,,Br,72.63,2.01,119.00,762.00,1537.50,3302.10,5323.00,321.40,334.00,79.90,947.30,1.27,0.37
CsGeCl3,1.42,ABX3,Cs,Ge,,Cl,72.63,2.01,119.00,762.00,1537.50,3302.10,5323.00,321.40,334.00,35.45,478.20,1.31,0.40
CsMgBr3,3.78,ABX3,Cs,Mg,,Br,24.31,1.31,-40.00,737.70,1450.70,7732.70,1738.00,1020.00,128.00,79.90,947.30,1.16,0.37
CsMgCl3,5.55,ABX3,Cs,Mg,,Cl,24.31,1.31,-40.00,737.70,1450.70,7732.70,1738.00,1020.00,128.00,35.45,478.20,1.19,0.40
CsMgI3,1.97,ABX3,Cs,Mg,,I,24.31,1.31,-40.00,737.70,1450.70,7732.70,1738.00,1020.00,128.00,126.90,429.00,1.12,0.33
CsMnBr3,2.46,ABX3,Cs,Mn,,Br,54.94,1.55,-50.00,717.30,1509.00,3248.00,7470.00,479.00,220.00,79.90,947.30,1.09,0.42
CsMnCl3,3.17,ABX3,Cs,Mn,,Cl,54.94,1.55,-50.00,717.30,1509.00,3248.00,7470.00,479.00,220.00,35.45,478.20,1.11,0.46
CsMnI3,1.09,ABX3,Cs,Mn,,I,54.94,1.55,-50.00,717.30,1509.00,3248.00,7470.00,479.00,220.00,126.90,429.00,1.06,0.38
CsNiCl3,2.54,ABX3,Cs,Ni,,Cl,58.69,1.91,112.00,737.10,1753.00,3395.00,8908.00,445.00,378.00,35.45,478.20,1.17,0.38
CsPbBr3,1.26,ABX3,Cs,Pb,,Br,207.20,2.33,35.10,715.60,1450.50,3081.50,11340.00,127.00,178.00,79.90,947.30,1.12,0.61
CsPbCl3,1.78,ABX3,Cs,Pb,,Cl,207.20,2.33,35.10,715.60,1450.50,3081.50,11340.00,127.00,178.00,35.45,478.20,1.14,0.66
CsPbI3,0.78,ABX3,Cs,Pb,,I,207.20,2.33,35.10,715.60,1450.50,3081.50,11340.00,127.00,178.00,126.90,429.00,1.09,0.54
CsSiBr3,0.08,ABX3,Cs,Si,,Br,28.09,1.90,133.60,786.50,1577.10,3231.60,2330.00,710.00,359.00,79.90,947.30,1.35,0.20
CsSiCl3,0.30,ABX3,Cs,Si,,Cl,28.09,1.90,133.60,786.50,1577.10,3231.60,2330.00,710.00,359.00,35.45,478.20,1.40,0.22
CsSnBr3,0.62,ABX3,Cs,Sn,,Br,118.71,1.61,42.50,577.50,1411.80,2943.00,2700.00,217.00,293.00,79.90,947.30,1.16,0.35
CsSnCl3,1.08,ABX3,Cs,Sn,,Cl,118.71,1.61,42.50,577.50,1411.80,2943.00,2700.00,217.00,293.00,35.45,478.20,1.19,0.38
CsSrBr3,5.35,ABX3,Cs,Sr,,Br,87.62,0.95,5.03,549.50,1064.20,4138.00,2630.00,300.00,137.00,79.90,947.30,0.89,0.60
CsSrCl3,6.39,ABX3,Cs,Sr,,Cl,87.62,0.95,5.03,549.50,1064.20,4138.00,2630.00,300.00,137.00,35.45,478.20,0.89,0.65
CsSrI3,4.45,ABX3,Cs,Sr,,I,87.62,0.95,5.03,549.50,1064.20,4138.00,2630.00,300.00,137.00,126.90,429.00,0.87,0.54
CsVBr3,2.79,ABX3,Cs,V,,Br,50.94,1.63,50.60,650.90,1414.00,2830.00,6110.00,489.00,453.00,79.90,947.30,1.05,0.28
CsVCl3,2.87,ABX3,Cs,V,,Cl,50.94,1.63,50.60,650.90,1414.00,2830.00,6110.00,489.00,453.00,35.45,478.20,1.07,0.30
CsVI3,2.66,ABX3,Cs,V,,I,50.94,1.63,50.60,650.90,1414.00,2830.00,6110.00,489.00,453.00,126.90,429.00,1.02,0.25
CsZnBr3,1.28,ABX3,Cs,Zn,,Br,65.38,1.65,-58.00,906.40,1733.30,3833.00,7140.00,388.00,119.00,79.90,947.30,1.17,0.38
CsZnCl3,2.85,ABX3,Cs,Zn,,Cl,65.38,1.65,-58.00,906.40,1733.30,3833.00,7140.00,388.00,119.00,35.45,478.20,1.21,0.41
KGeBr3,0.80,ABX3,K,Ge,,Br,72.63,2.01,119.00,762.00,1537.50,3302.10,5323.00,321.40,334.00,79.90,947.30,1.09,0.37
KGeCl3,1.16,ABX3,K,Ge,,Cl,72.63,2.01,119.00,762.00,1537.50,3302.10,5323.00,321.40,334.00,35.45,478.20,1.12,0.40
KGeI3,0.56,ABX3,K,Ge,,I,72.63,2.01,119.00,762.00,1537.50,3302.10,5323.00,321.40,334.00,126.90,429.00,1.05,0.33
KPbBr3,1.18,ABX3,K,Pb,,Br,207.20,2.33,35.10,715.60,1450.50,3081.50,11340.00,127.00,178.00,79.90,947.30,0.96,0.61
KPbCl3,1.70,ABX3,K,Pb,,Cl,207.20,2.33,35.10,715.60,1450.50,3081.50,11340.00,127.00,178.00,35.45,478.20,0.98,0.66
KPbI3,0.71,ABX3,K,Pb,,I,207.20,2.33,35.10,715.60,1450.50,3081.50,11340.00,127.00,178.00,126.90,429.00,0.94,0.54
KSiBr3,0.09,ABX3,K,Si,,Br,28.09,1.90,133.60,786.50,1577.10,3231.60,2330.00,710.00,359.00,79.90,947.30,1.16,0.20
KSiCl3,0.08,ABX3,K,Si,,Cl,28.09,1.90,133.60,786.50,1577.10,3231.60,2330.00,710.00,359.00,35.45,478.20,1.20,0.22
KSnBr3,0.46,ABX3,K,Sn,,Br,118.71,1.61,42.50,577.50,1411.80,2943.00,2700.00,217.00,293.00,79.90,947.30,1.00,0.35
KSnCl3,0.95,ABX3,K,Sn,,Cl,118.71,1.61,42.50,577.50,1411.80,2943.00,2700.00,217.00,293.00,35.45,478.20,1.02,0.38
KSnI3,0.12,ABX3,K,Sn,,I,118.71,1.61,42.50,577.50,1411.80,2943.00,2700.00,217.00,293.00,126.90,429.00,0.97,0.31
RbGeBr3,0.88,ABX3,Rb,Ge,,Br,72.63,2.01,119.00,762.00,1537.50,3302.10,5323.00,321.40,334.00,79.90,947.30,1.16,0.37
RbGeCl3,1.26,ABX3,Rb,Ge,,Cl,72.63,2.01,119.00,762.00,1537.50,3302.10,5323.00,321.40,334.00,35.45,478.20,1.19,0.40
RbGeI3,0.62,ABX3,Rb,Ge,,I,72.63,2.01,119.00,762.00,1537.50,3302.10,5323.00,321.40,334.00,126.90,429.00,1.12,0.33
RbPbBr3,1.22,ABX3,Rb,Pb,,Br,207.20,2.33,35.10,715.60,1450.50,3081.50,11340.00,127.00,178.00,79.90,947.30,1.02,0.61
RbPbCl3,1.74,ABX3,Rb,Pb,,Cl,207.20,2.33,35.10,715.60,1450.50,3081.50,11340.00,127.00,178.00,35.45,478.20,1.04,0.66
RbPbI3,0.74,ABX3,Rb,Pb,,I,207.20,2.33,35.10,715.60,1450.50,3081.50,11340.00,127.00,178.00,126.90,429.00,1.00,0.54
RbSiBr3,0.09,ABX3,Rb,Si,,Br,28.09,1.90,133.60,786.50,1577.10,3231.60,2330.00,710.00,359.00,79.90,947.30,1.24,0.20
RbSnBr3,0.50,ABX3,Rb,Sn,,Br,118.71,1.61,42.50,577.50,1411.80,2943.00,2700.00,217.00,293.00,79.90,947.30,1.06,0.35
RbSnCl3,1.00,ABX3,Rb,Sn,,Cl,118.71,1.61,42.50,577.50,1411.80,2943.00,2700.00,217.00,293.00,35.45,478.20,1.09,0.38
RbSnI3,0.19,ABX3,Rb,Sn,,I,118.71,1.61,42.50,577.50,1411.80,2943.00,2700.00,217.00,293.00,126.90,429.00,1.03,0.31
Cs2PbBr6,1.50,A2BX6,Cs,Pb,,Br,207.20,2.33,35.10,715.60,1450.50,3081.50,11340.00,127.00,178.00,79.90,947.30,1.12,0.61
Cs2PbCl6,2.75,A2BX6,Cs,Pb,,Cl,207.20,2.33,35.10,715.60,1450.50,3081.50,11340.00,127.00,178.00,35.45,478.20,1.14,0.66
Cs2SnCl6,4.23,A2BX6,Cs,Sn,,Cl,118.71,1.61,42.50,577.50,1411.80,2943.00,2700.00,217.00,293.00,126.90,429.00,1.12,0.31
Cs2TeBr6,2.91,A2BX6,Cs,Te,,Br,127.60,2.10,190.20,869.30,1790.00,2698.00,6240.00,210.00,48.00,79.90,947.30,1.28,0.49
Cs2TeCl6,3.66,A2BX6,Cs,Te,,Cl,127.60,2.10,190.20,869.30,1790.00,2698.00,6240.00,210.00,48.00,35.45,478.20,1.32,0.54
Cs2TeI6,2.17,A2BX6,Cs,Te,,I,127.60,2.10,190.20,869.30,1790.00,2698.00,6240.00,210.00,48.00,126.90,429.00,1.23,0.44
Cs2TiBr6,2.72,A2BX6,Cs,Ti,,Br,47.87,1.54,7.60,658.80,1309.80,2652.50,4507.00,520.00,425.00,79.90,947.30,1.03,0.31
Cs2TiCl6,3.53,A2BX6,Cs,Ti,,Cl,47.87,1.54,7.60,658.80,1309.80,2652.50,4507.00,520.00,425.00,35.45,478.20,1.05,0.33
Cs2TiI6,1.86,A2BX6,Cs,Ti,,I,47.87,1.54,7.60,658.80,1309.80,2652.50,4507.00,520.00,425.00,126.90,429.00,1.00,0.28
Cs2ZrBr6,4.03,A2BX6,Cs,Zr,,Br,91.22,1.33,41.10,640.10,1270.00,2218.00,6511.00,278.00,580.00,79.90,947.30,0.92,0.37
Cs2ZrCl6,5.11,A2BX6,Cs,Zr,,Cl,91.22,1.33,41.10,640.10,1270.00,2218.00,6511.00,278.00,580.00,35.45,478.20,0.94,0.40
Cs2ZrI6,2.80,A2BX6,Cs,Zr,,I,91.22,1.33,41.10,640.10,1270.00,2218.00,6511.00,278.00,580.00,126.90,429.00,0.91,0.33
Cs2GeBr6,2.20,A2BX6,Cs,Ge,,Br,72.63,2.01,119.00,762.00,1537.50,3302.10,5323.00,321.40,334.00,79.90,947.30,1.27,0.37
Cs2GeCl6,3.76,A2BX6,Cs,Ge,,Cl,72.63,2.01,119.00,762.00,1537.50,3302.10,5323.00,321.40,334.00,35.45,478.20,1.31,0.40
Cs2HfBr6,4.45,A2BX6,Cs,Hf,,Br,1.01,2.20,72.80,1312.00,1440.00,2250.00,0.09,144.00,630.00,79.90,947.30,0.92,0.36
Cs2HfCl6,5.57,A2BX6,Cs,Hf,,Cl,1.01,2.20,72.80,1312.00,1440.00,2250.00,0.09,144.00,630.00,35.45,478.20,0.93,0.39
Cs2HfI6,3.14,A2BX6,Cs,Hf,,I,1.01,2.20,72.80,1312.00,1440.00,2250.00,0.09,144.00,630.00,126.90,429.00,0.90,0.32
Rb2TeCl6,3.53,A2BX6,Rb,Te,,Cl,127.60,2.10,190.20,869.30,1790.00,2698.00,6240.00,210.00,48.00,126.90,429.00,1.13,0.44
Cs2NaInBr6,2.97,A2BB'X6,Cs,Na,In,Br,68.90,1.36,40.85,527.05,3191.35,4807.15,4139.00,731.50,163.85,79.90,947.30,1.04,0.46
Cs2NaInCl6,4.49,A2BB'X6,Cs,Na,In,Cl,68.90,1.36,40.85,527.05,3191.35,4807.15,4139.00,731.50,163.85,35.45,478.20,1.06,0.50
Cs2NaSbBr6,3.21,A2BB'X6,Cs,Na,Sb,Br,72.37,1.49,78.00,664.90,3078.45,4675.15,3832.50,718.50,82.85,79.90,947.30,1.08,0.45
Cs2NaSbCl6,3.90,A2BB'X6,Cs,Na,Sb,Cl,72.37,1.49,78.00,664.90,3078.45,4675.15,3832.50,718.50,82.85,35.45,478.20,1.11,0.49
Cs2AgAsBr6,1.64,A2BB'X6,Cs,Ag,As,Br,91.39,2.06,101.80,839.00,1934.00,3048.00,8108.50,281.50,143.70,79.90,947.30,1.19,0.44
Cs2AgAsCl6,2.30,A2BB'X6,Cs,Ag,As,Cl,91.39,2.06,101.80,839.00,1934.00,3048.00,8108.50,281.50,143.70,35.45,478.20,1.23,0.48
Cs2AgAsI6,0.92,A2BB'X6,Cs,Ag,As,I,91.39,2.06,101.80,839.00,1934.00,3048.00,8108.50,281.50,143.70,126.90,429.00,1.15,0.39
Cs2AgInCl6,2.46,A2BB'X6,Cs,Ag,In,Cl,111.34,1.86,77.25,644.65,1945.35,3032.50,8900.00,234.00,242.50,35.45,478.20,1.12,0.54
Cs2AgSbBr6,1.67,A2BB'X6,Cs,Ag,Sb,Br,114.81,1.99,114.40,782.50,1832.45,2900.50,8593.50,221.00,161.50,79.90,947.30,1.15,0.49
Cs2AgSbCl6,2.33,A2BB'X6,Cs,Ag,Sb,Cl,114.81,1.99,114.40,782.50,1832.45,2900.50,8593.50,221.00,161.50,35.45,478.20,1.17,0.53
Cs2AgSbI6,0.95,A2BB'X6,Cs,Ag,Sb,I,114.81,1.99,114.40,782.50,1832.45,2900.50,8593.50,221.00,161.50,126.90,429.00,1.11,0.43
Cs2CsGaBr6,3.63,A2BB'X6,Cs,Cs,Ga,Br,101.31,1.30,37.20,477.25,2106.80,3181.50,3891.50,306.50,160.50,79.90,947.30,0.89,0.58
Cs2CsInCl6,5.31,A2BB'X6,Cs,Cs,In,Cl,123.86,1.29,37.20,467.00,2027.50,3052.00,4594.50,237.50,147.50,35.45,478.20,0.87,0.68
Cs2RbInCl6,5.17,A2BB'X6,Cs,Rb,In,Cl,100.14,1.30,37.90,480.65,2226.85,3282.00,4421.00,298.50,151.00,35.45,478.20,0.92,0.64
Cs2CuAsBr6,1.56,A2BB'X6,Cs,Cu,As,Br,69.23,2.04,98.20,846.25,1877.95,3145.00,7343.50,356.20,166.20,79.90,947.30,1.24,0.33
Cs2CuAsCl6,2.18,A2BB'X6,Cs,Cu,As,Cl,69.23,2.04,98.20,846.25,1877.95,3145.00,7343.50,356.20,166.20,35.45,478.20,1.28,0.36
Cs2CuAsI6,0.57,A2BB'X6,Cs,Cu,As,I,69.23,2.04,98.20,846.25,1877.95,3145.00,7343.50,356.20,166.20,126.90,429.00,1.19,0.30
Cs2CuBiBr6,1.94,A2BB'X6,Cs,Cu,Bi,Br,136.26,1.96,104.80,724.25,1783.95,3010.50,9370.00,253.20,230.00,79.90,947.30,1.16,0.45
Cs2CuBiCl6,2.51,A2BB'X6,Cs,Cu,Bi,Cl,136.26,1.96,104.80,724.25,1783.95,3010.50,9370.00,253.20,230.00,35.45,478.20,1.20,0.49
Cs2CuBiI6,1.23,A2BB'X6,Cs,Cu,Bi,I,136.26,1.96,104.80,724.25,1783.95,3010.50,9370.00,253.20,230.00,126.90,429.00,1.13,0.40
Cs2CuSbBr6,1.59,A2BB'X6,Cs,Cu,Sb,Br,92.65,1.98,110.80,789.75,1776.40,2997.50,7828.50,295.70,184.00,79.90,947.30,1.19,0.38
Cs2CuSbCl6,2.22,A2BB'X6,Cs,Cu,Sb,Cl,92.65,1.98,110.80,789.75,1776.40,2997.50,7828.50,295.70,184.00,35.45,478.20,1.22,0.41
Cs2CuSbI6,0.89,A2BB'X6,Cs,Cu,Sb,I,92.65,1.98,110.80,789.75,1776.40,2997.50,7828.50,295.70,184.00,126.90,429.00,1.15,0.34
Cs2KInBr6,3.61,A2BB'X6,Cs,K,In,Br,76.96,1.30,38.65,488.55,2436.35,3562.00,4083.00,495.00,153.45,79.90,947.30,0.94,0.56
Cs2KInCl6,5.07,A2BB'X6,Cs,K,In,Cl,76.96,1.30,38.65,488.55,2436.35,3562.00,4083.00,495.00,153.45,35.45,478.20,0.96,0.60
Cs2KSbCl6,4.17,A2BB'X6,Cs,K,Sb,Cl,80.43,1.44,75.80,626.40,2323.45,3430.00,3776.50,482.00,72.45,35.45,478.20,1.00,0.59
K2NaInCl6,4.60,A2BB'X6,K,Na,In,Cl,68.90,1.36,40.85,527.05,3191.35,4807.15,4139.00,731.50,163.85,35.45,478.20,0.90,0.50
Rb2AgInCl6,2.42,A2BB'X6,Rb,Ag,In,Cl,111.34,1.86,77.25,644.65,1945.35,3032.50,8900.00,234.00,242.50,35.45,478.20,1.02,0.54
Rb2AgSbCl6,2.27,A2BB'X6,Rb,Ag,Sb,Cl,114.81,1.99,114.40,782.50,1832.45,2900.50,8593.50,221.00,161.50,35.45,478.20,1.07,0.53
Rb2KInCl6,5.12,A2BB'X6,Rb,K,In,Cl,76.96,1.30,38.65,488.55,2436.35,3562.00,4083.00,495.00,153.45,35.45,478.20,0.87,0.60
Rb2NaInBr6,3.00,A2BB'X6,Rb,Na,In,Br,68.90,1.36,40.85,527.05,3191.35,4807.15,4139.00,731.50,163.85,79.90,947.30,0.95,0.46
Rb2NaInCl6,4.56,A2BB'X6,Rb,Na,In,Cl,68.90,1.36,40.85,527.05,3191.35,4807.15,4139.00,731.50,163.85,35.45,478.20,0.97,0.50
Rb2NaSbCl6,3.90,A2BB'X6,Rb,Na,Sb,Cl,72.37,1.49,78.00,664.90,3078.45,4675.15,3832.50,718.50,82.85,35.45,478.20,1.01,0.49
Cs3Al2Br9,2.46,A3B2X9,Cs,Al,,Br,26.98,1.61,42.50,577.50,1816.70,2744.80,2700.00,904.00,293.00,79.90,947.30,1.31,0.27
Cs3Al2Cl9,4.01,A3B2X9,Cs,Al,,Cl,26.98,1.61,42.50,577.50,1816.70,2744.80,2700.00,904.00,293.00,35.45,478.20,1.35,0.30
Cs3Al2I9,0.87,A3B2X9,Cs,Al,,I,26.98,1.61,42.50,577.50,1816.70,2744.80,2700.00,904.00,293.00,126.90,429.00,1.25,0.24
Cs3As2Br9,2.62,A3B2X9,Cs,As,,Br,74.92,2.18,78.00,947.00,1798.00,2735.00,5727.00,328.00,32.40,79.90,947.30,1.33,0.30
Cs3As2Cl9,3.28,A3B2X9,Cs,As,,Cl,74.92,2.18,78.00,947.00,1798.00,2735.00,5727.00,328.00,32.40,35.45,478.20,1.38,0.32
Cs3As2I9,1.81,A3B2X9,Cs,As,,I,74.92,2.18,78.00,947.00,1798.00,2735.00,5727.00,328.00,32.40,126.90,429.00,1.28,0.26
Cs3B2Br9,1.90,A3B2X9,Cs,B,,Br,10.81,2.04,26.70,800.60,2427.10,3659.70,2460.00,1030.00,507.00,79.90,947.30,1.53,0.14
Cs3B2Cl9,2.96,A3B2X9,Cs,B,,Cl,10.81,2.04,26.70,800.60,2427.10,3659.70,2460.00,1030.00,507.00,35.45,478.20,1.61,0.15
Cs3B2I9,0.37,A3B2X9,Cs,B,,I,10.81,2.04,26.70,800.60,2427.10,3659.70,2460.00,1030.00,507.00,126.90,429.00,1.45,0.12
Cs3Bi2Br9,2.51,A3B2X9,Cs,Bi,,Br,69.72,1.81,28.90,578.80,1979.30,2963.00,5904.00,371.00,256.00,79.90,947.30,1.21,0.32
Ag3Ga2Br9,0.86,A3B2X9,Ag,Ga,,Br,69.72,1.81,28.90,578.80,1979.30,2963.00,5904.00,371.00,256.00,35.45,478.20,1.24,0.34
Ag3Ga2Cl9,2.33,A3B2X9,Ag,Ga,,Cl,69.72,1.81,28.90,578.80,1979.30,2963.00,5904.00,371.00,256.00,126.90,429.00,1.16,0.28
Cs3Bi2Cl9,3.01,A3B2X9,Cs,Bi,,Cl,208.98,2.02,91.20,703.00,1610.00,2466.00,9780.00,122.00,160.00,35.45,478.20,1.20,0.57
Cs3Bi2I9,1.83,A3B2X9,Cs,Bi,,I,208.98,2.02,91.20,703.00,1610.00,2466.00,9780.00,122.00,160.00,126.90,429.00,1.13,0.47
Cs3Cr2Br9,2.72,A3B2X9,Cs,Cr,,Br,52.00,1.66,64.30,652.90,1590.60,2987.00,7190.00,448.00,339.00,79.90,947.30,1.07,0.31
Cs3Cr2Cl9,3.59,A3B2X9,Cs,Cr,,Cl,52.00,1.66,64.30,652.90,1590.60,2987.00,7190.00,448.00,339.00,35.45,478.20,1.09,0.34
Cs3Cr2I9,1.46,A3B2X9,Cs,Cr,,I,52.00,1.66,64.30,652.90,1590.60,2987.00,7190.00,448.00,339.00,126.90,429.00,1.04,0.28
Cs3Fe2Br9,2.61,A3B2X9,Cs,Fe,,Br,55.85,1.83,15.70,762.50,1561.90,2957.00,7874.00,449.00,347.00,79.90,947.30,1.11,0.40
Cs3Fe2Cl9,3.05,A3B2X9,Cs,Fe,,Cl,55.85,1.83,15.70,762.50,1561.90,2957.00,7874.00,449.00,347.00,35.45,478.20,1.13,0.43
Cs3Ga2Br9,1.47,A3B2X9,Cs,Ga,,Br,69.72,1.81,28.90,578.80,1979.30,2963.00,5904.00,371.00,256.00,79.90,947.30,1.21,0.32
Cs3Ga2Cl9,2.83,A3B2X9,Cs,Ga,,Cl,69.72,1.81,28.90,578.80,1979.30,2963.00,5904.00,371.00,256.00,35.45,478.20,1.24,0.34
Cs3In2Br9,1.83,A3B2X9,Cs,In,,Br,114.82,1.78,28.90,558.30,1820.70,2704.00,7310.00,233.00,230.00,79.90,947.30,1.11,0.41
Cs3In2Cl9,3.16,A3B2X9,Cs,In,,Cl,114.82,1.78,28.90,558.30,1820.70,2704.00,7310.00,233.00,230.00,35.45,478.20,1.13,0.44
Cs3In2I9,0.38,A3B2X9,Cs,In,,I,114.82,1.78,28.90,558.30,1820.70,2704.00,7310.00,233.00,230.00,126.90,429.00,1.08,0.36
Cs3Sb2Br9,2.37,A3B2X9,Cs,Sb,,Br,121.76,2.05,103.20,834.00,1594.90,2440.00,6697.00,207.00,68.00,79.90,947.30,1.22,0.39
Cs3Sb2Cl9,2.77,A3B2X9,Cs,Sb,,Cl,121.76,2.05,103.20,834.00,1594.90,2440.00,6697.00,207.00,68.00,35.45,478.20,1.26,0.42
Cs3Sb2l9,1.77,A3B2X9,Cs,Sb,,I,121.76,2.05,103.20,834.00,1594.90,2440.00,6697.00,207.00,68.00,126.90,429.00,1.18,0.35
Cs3Sc2Br9,4.68,A3B2X9,Cs,Sc,,Br,44.96,1.36,18.10,633.10,1235.00,2388.60,2985.00,567.00,318.00,79.90,947.30,1.00,0.38
Cs3Sc2Cl9,5.69,A3B2X9,Cs,Sc,,Cl,44.96,1.36,18.10,633.10,1235.00,2388.60,2985.00,567.00,318.00,35.45,478.20,1.01,0.41
Cs3Sc2I9,3.42,A3B2X9,Cs,Sc,,I,44.96,1.36,18.10,633.10,1235.00,2388.60,2985.00,567.00,318.00,126.90,429.00,0.98,0.34
Cs3Ti2I9,1.79,A3B2X9,Cs,Ti,,I,47.87,1.54,7.60,658.80,1309.80,2652.50,4507.00,520.00,425.00,126.90,429.00,1.00,0.28
Cs3V2Br9,2.19,A3B2X9,Cs,V,,Br,50.94,1.63,50.60,650.90,1414.00,2830.00,6110.00,489.00,453.00,79.90,947.30,1.05,0.28
Cs3V2Cl9,2.55,A3B2X9,Cs,V,,Cl,50.94,1.63,50.60,650.90,1414.00,2830.00,6110.00,489.00,453.00,35.45,478.20,1.07,0.30
Cs3W2Br9,1.62,A3B2X9,Cs,W,,Br,183.84,2.36,78.60,770.00,1700.00,2510.00,19250.00,132.00,800.00,79.90,947.30,0.97,0.31
Cs3W2Cl9,1.60,A3B2X9,Cs,W,,Cl,183.84,2.36,78.60,770.00,1700.00,2510.00,19250.00,132.00,800.00,35.45,478.20,0.98,0.33
Cu3Ga2Cl9,1.80,A3B2X9,Cu,Ga,,Cl,69.72,1.81,28.90,578.80,1979.30,2963.00,5904.00,371.00,256.00,35.45,478.20,1.24,0.34
K3Ga2Br9,1.32,A3B2X9,K,Ga,,Br,69.72,1.81,28.90,578.80,1979.30,2963.00,5904.00,371.00,256.00,79.90,947.30,1.04,0.32
K3Ga2Cl9,2.74,A3B2X9,K,Ga,,Cl,69.72,1.81,28.90,578.80,1979.30,2963.00,5904.00,371.00,256.00,35.45,478.20,1.06,0.34
K3In2BI9,1.74,A3B2X9,K,In,,I,114.82,1.78,28.90,558.30,1820.70,2704.00,7310.00,233.00,230.00,79.90,947.30,0.95,0.41
K3In2Cl9,3.14,A3B2X9,K,In,,Cl,114.82,1.78,28.90,558.30,1820.70,2704.00,7310.00,233.00,230.00,35.45,478.20,0.97,0.44
K3In2I9,0.27,A3B2X9,K,In,,I,114.82,1.78,28.90,558.30,1820.70,2704.00,7310.00,233.00,230.00,126.90,429.00,0.93,0.36
K3Sb2Br9,2.29,A3B2X9,K,Sb,,Br,121.76,2.05,103.20,834.00,1594.90,2440.00,6697.00,207.00,68.00,79.90,947.30,1.05,0.39
K3Sb2Cl9,2.64,A3B2X9,K,Sb,,Cl,121.76,2.05,103.20,834.00,1594.90,2440.00,6697.00,207.00,68.00,35.45,478.20,1.07,0.42
K3Sb2I9,1.68,A3B2X9,K,Sb,,I,121.76,2.05,103.20,834.00,1594.90,2440.00,6697.00,207.00,68.00,126.90,429.00,1.02,0.35
Na3Ga2Br9,1.49,A3B2X9,Na,Ga,,Br,69.72,1.81,28.90,578.80,1979.30,2963.00,5904.00,371.00,256.00,79.90,947.30,0.87,0.32
Na3Ga2Cl9,2.68,A3B2X9,Na,Ga,,Cl,69.72,1.81,28.90,578.80,1979.30,2963.00,5904.00,371.00,256.00,35.45,478.20,0.88,0.34
Na3In2Br9,1.64,A3B2X9,Na,In,,Br,114.82,1.78,28.90,558.30,1820.70,2704.00,7310.00,233.00,230.00,79.90,947.30,0.80,0.41
Na3In2I9,0.14,A3B2X9,Na,In,,I,114.82,1.78,28.90,558.30,1820.70,2704.00,7310.00,233.00,230.00,126.90,429.00,0.80,0.36
Rb3Ga2Br9,1.38,A3B2X9,Rb,Ga,,Br,69.72,1.81,28.90,578.80,1979.30,2963.00,5904.00,371.00,256.00,79.90,947.30,1.10,0.32
Rb3Ga2Cl9,2.77,A3B2X9,Rb,Ga,,Cl ,69.72,1.81,28.90,578.80,1979.30,2963.00,5904.00,371.00,256.00,35.45,478.20,1.13,0.34
Rb3In2Br9,1.77,A3B2X9,Rb,In,,Br,114.82,1.78,28.90,558.30,1820.70,2704.00,7310.00,233.00,230.00,79.90,947.30,1.02,0.41
Rb3In2Cl9,3.14,A3B2X9,Rb,In,,Cl,114.82,1.78,28.90,558.30,1820.70,2704.00,7310.00,233.00,230.00,35.45,478.20,1.04,0.44
Rb3In2I9,0.32,A3B2X9,Rb,In,,I,114.82,1.78,28.90,558.30,1820.70,2704.00,7310.00,233.00,230.00,126.90,429.00,0.99,0.36
Rb3Sb2Br9,2.32,A3B2X9,Rb,Sb,,Br,121.76,2.05,103.20,834.00,1594.90,2440.00,6697.00,207.00,68.00,79.90,947.30,1.12,0.39
Rb3Sb2Cl9,2.70,A3B2X9,Rb,Sb,,Cl,121.76,2.05,103.20,834.00,1594.90,2440.00,6697.00,207.00,68.00,35.45,478.20,1.15,0.42
Rb3Sb2I9,1.71,A3B2X9,Rb,Sb,,I,121.76,2.05,103.20,834.00,1594.90,2440.00,6697.00,207.00,68.00,126.90,429.00,1.08,0.35
Cs4BaBr6,5.38,A4BX6,Cs,Ba,,Br,137.33,0.89,13.95,502.90,965.20,3600.00,3510.00,205.00,140.00,79.90,947.30,0.80,0.69
Cs4BaCl6,6.28,A4BX6,Cs,Ba,,Cl,137.33,0.89,13.95,502.90,965.20,3600.00,3510.00,205.00,140.00,35.45,478.20,0.80,0.75
Cs4BI6,4.58,A4BX6,Cs,B,,I,137.33,0.89,13.95,502.90,965.20,3600.00,3510.00,205.00,140.00,126.90,429.00,0.79,0.61
Cs4BeBr6,4.68,A4BX6,Cs,Be,,Br,9.01,1.57,-48.00,899.50,1757.10,14848.70,1848.00,1820.00,297.00,79.90,947.30,1.35,0.23
Cs4BeCl6,5.57,A4BX6,Cs,Be,,Cl,9.01,1.57,-48.00,899.50,1757.10,14848.70,1848.00,1820.00,297.00,35.45,478.20,1.40,0.25
Cs4BeI6,3.63,A4BX6,Cs,Be,,I,9.01,1.57,-48.00,899.50,1757.10,14848.70,1848.00,1820.00,297.00,126.90,429.00,1.29,0.20
Cs4CaBr6,5.39,A4BX6,Cs,Ca,,Br,40.08,1.00,2.37,589.80,1145.40,4912.40,1550.00,631.00,155.00,79.90,947.30,0.96,0.51
Cs4CaCl6,6.31,A4BX6,Cs,Ca,,Cl,40.08,1.00,2.37,589.80,1145.40,4912.40,1550.00,631.00,155.00,35.45,478.20,0.98,0.55
Cs4CaI6,4.57,A4BX6,Cs,Ca,,I,40.08,1.00,2.37,589.80,1145.40,4912.40,1550.00,631.00,155.00,126.90,429.00,0.95,0.45
Cs4CdBr6,4.38,A4BX6,Cs,Cd,,Br,112.41,1.69,-68.00,867.80,1631.40,3616.00,7140.00,230.00,119.00,79.90,947.30,1.09,0.48
Cs4CdCl6,5.39,A4BX6,Cs,Cd,,Cl,112.41,1.69,-68.00,867.80,1631.40,3616.00,7140.00,230.00,119.00,35.45,478.20,1.11,0.52
Cs4CdI6,3.31,A4BX6,Cs,Cd,,I,112.41,1.69,-68.00,867.80,1631.40,3616.00,7140.00,230.00,119.00,126.90,429.00,1.06,0.43
Cs4CrBr6,2.66,A4BX6,Cs,Cr,,Br,52.00,1.66,64.30,652.90,1590.60,2987.00,7190.00,448.00,339.00,79.90,947.30,1.07,0.31
Cs4CuBr6,1.25,A4BX6,Cs,Cu,,Br,63.55,1.90,118.40,745.50,1957.90,3555.00,8960.00,384.40,300.00,79.90,947.30,1.16,0.37
cs4CuCl6,2.33,A4BX6,Cs,Cu,,Cl,63.55,1.90,118.40,745.50,1957.90,3555.00,8960.00,384.40,300.00,35.45,478.20,1.19,0.40
Cs4CuI6,0.35,A4BX6,Cs,Cu,,I,63.55,1.90,118.40,745.50,1957.90,3555.00,8960.00,384.40,300.00,126.90,429.00,1.12,0.33
Cs4GeBr6,4.43,A4BX6,Cs,Ge,,Br,72.63,2.01,119.00,762.00,1537.50,3302.10,5323.00,321.40,334.00,79.90,947.30,1.27,0.37
Cs4GeCl6,4.84,A4BX6,Cs,Ge,,Cl,72.63,2.01,119.00,762.00,1537.50,3302.10,5323.00,321.40,334.00,35.45,478.20,1.31,0.40
Cs4InBr6,0.59,A4BX6,Cs,In,,Br,114.82,1.78,28.90,558.30,1820.70,2704.00,7310.00,233.00,230.00,79.90,947.30,1.11,0.41
Cs4InCl6,0.74,A4BX6,Cs,In,,Cl,114.82,1.78,28.90,558.30,1820.70,2704.00,7310.00,233.00,230.00,35.45,478.20,1.13,0.44
Cs4InI6,0.37,A4BX6,Cs,In,,I,114.82,1.78,28.90,558.30,1820.70,2704.00,7310.00,233.00,230.00,126.90,429.00,1.08,0.36
Cs4MgBr6,5.05,A4BX6,Cs,Mg,,Br,24.31,1.31,-40.00,737.70,1450.70,7732.70,1738.00,1020.00,128.00,79.90,947.30,1.16,0.37
Cs4MgCl6,5.99,A4BX6,Cs,Mg,,Cl,24.31,1.31,-40.00,737.70,1450.70,7732.70,1738.00,1020.00,128.00,35.45,478.20,1.19,0.40
Cs4MgI6,4.10,A4BX6,Cs,Mg,,I,24.31,1.31,-40.00,737.70,1450.70,7732.70,1738.00,1020.00,128.00,126.90,429.00,1.12,0.33
Cs4MnBr6,3.87,A4BX6,Cs,Mn,,Br,54.94,1.55,-50.00,717.30,1509.00,3248.00,7470.00,479.00,220.00,79.90,947.30,1.09,0.42
Cs4MnCl6,4.03,A4BX6,Cs,Mn,,Cl,54.94,1.55,-50.00,717.30,1509.00,3248.00,7470.00,479.00,220.00,35.45,478.20,1.11,0.46
Cs4MnI6,3.56,A4BX6,Cs,Mn,,I,54.94,1.55,-50.00,717.30,1509.00,3248.00,7470.00,479.00,220.00,126.90,429.00,1.06,0.38
Cs4NiBr6,3.94,A4BX6,Cs,Ni,,Br,58.69,1.91,112.00,737.10,1753.00,3395.00,8908.00,445.00,378.00,79.90,947.30,1.14,0.35
Cs4NiCl6,4.61,A4BX6,Cs,Ni,,Cl,58.69,1.91,112.00,737.10,1753.00,3395.00,8908.00,445.00,378.00,35.45,478.20,1.17,0.38
Cs4NiI6,2.91,A4BX6,Cs,Ni,,I,58.69,1.91,112.00,737.10,1753.00,3395.00,8908.00,445.00,378.00,126.90,429.00,1.11,0.31
Cs4PbBr6,4.20,A4BX6,Cs,Pb,,Br,207.20,2.33,35.10,715.60,1450.50,3081.50,11340.00,127.00,178.00,79.90,947.30,1.12,0.61
Cs4PbCl6,4.71,A4BX6,Cs,Pb,,Cl,207.20,2.33,35.10,715.60,1450.50,3081.50,11340.00,127.00,178.00,35.45,478.20,1.14,0.66
Cs4PbI6,3.52,A4BX6,Cs,Pb,,I,207.20,2.33,35.10,715.60,1450.50,3081.50,11340.00,127.00,178.00,126.90,429.00,1.09,0.54
Cs4SiBr6,3.95,A4BX6,Cs,Si,,Br,28.09,1.90,133.60,786.50,1577.10,3231.60,2330.00,710.00,359.00,79.90,947.30,1.35,0.20
Cs4SiCl6,4.27,A4BX6,Cs,Si,,Cl,28.09,1.90,133.60,786.50,1577.10,3231.60,2330.00,710.00,359.00,35.45,478.20,1.40,0.22
Cs4SiI6,3.46,A4BX6,Cs,Si,,I,28.09,1.90,133.60,786.50,1577.10,3231.60,2330.00,710.00,359.00,126.90,429.00,1.29,0.18
Cs4SnBr6,4.11,A4BX6,Cs,Sn,,Br,118.71,1.61,42.50,577.50,1411.80,2943.00,2700.00,217.00,293.00,79.90,947.30,1.16,0.35
Cs4SnCl6,4.47,A4BX6,Cs,Sn,,Cl,118.71,1.61,42.50,577.50,1411.80,2943.00,2700.00,217.00,293.00,35.45,478.20,1.19,0.38
Cs4SrBr6,5.40,A4BX6,Cs,Sr,,Br,87.62,0.95,5.03,549.50,1064.20,4138.00,2630.00,300.00,137.00,79.90,947.30,0.89,0.60
Cs4SrCl6,6.31,A4BX6,Cs,Sr,,Cl,87.62,0.95,5.03,549.50,1064.20,4138.00,2630.00,300.00,137.00,35.45,478.20,0.89,0.65
Cs4SrI6,4.58,A4BX6,Cs,Sr,,I,87.62,0.95,5.03,549.50,1064.20,4138.00,2630.00,300.00,137.00,126.90,429.00,0.87,0.54
Cs4TiBr6,2.51,A4BX6,Cs,Ti,,Br,47.87,1.54,7.60,658.80,1309.80,2652.50,4507.00,520.00,425.00,79.90,947.30,1.03,0.31
Cs4TiCl6,2.30,A4BX6,Cs,Ti,,Cl,47.87,1.54,7.60,658.80,1309.80,2652.50,4507.00,520.00,425.00,35.45,478.20,1.05,0.33
Cs4TiI6,2.37,A4BX6,Cs,Ti,,I,47.87,1.54,7.60,658.80,1309.80,2652.50,4507.00,520.00,425.00,126.90,429.00,1.00,0.28
Cs4VBr6,3.26,A4BX6,Cs,V,,Br,50.94,1.63,50.60,650.90,1414.00,2830.00,6110.00,489.00,453.00,79.90,947.30,1.05,0.28
Cs4VCl6,3.26,A4BX6,Cs,V,,Cl,50.94,1.63,50.60,650.90,1414.00,2830.00,6110.00,489.00,453.00,35.45,478.20,1.07,0.30
Cs4VI6,3.46,A4BX6,Cs,V,,I,50.94,1.63,50.60,650.90,1414.00,2830.00,6110.00,489.00,453.00,126.90,429.00,1.02,0.25
Cs4ZnBr6,4.37,A4BX6,Cs,Zn,,Br,65.38,1.65,-58.00,906.40,1733.30,3833.00,7140.00,388.00,119.00,79.90,947.30,1.17,0.38
Cs4ZnCl6,5.47,A4BX6,Cs,Zn,,Cl,65.38,1.65,-58.00,906.40,1733.30,3833.00,7140.00,388.00,119.00,35.45,478.20,1.21,0.41
Cs4ZnI6,3.14,A4BX6,Cs,Zn,,I,65.38,1.65,-58.00,906.40,1733.30,3833.00,7140.00,388.00,119.00,126.90,429.00,1.14,0.34