,,# of A,# of B,# of X,W_B,EN_B,EA_B,1IE_B,2IE_B,3IE_B,D_B,S_B,HV_B,W_X,S_X,t(AR),u(IR),Eg (eV)
CsBaBr3,ABX3,1,1,3,137.33,0.89,13.95,502.90,965.20,3600.00,3510.00,205.00,140.00,79.90,947.30,0.80,0.69,5.14
CsBaCl3,ABX3,1,1,3,137.33,0.89,13.95,502.90,965.20,3600.00,3510.00,205.00,140.00,35.45,478.20,0.80,0.75,6.00
CsBaI3,ABX3,1,1,3,137.33,0.89,13.95,502.90,965.20,3600.00,3510.00,205.00,140.00,126.90,429.00,0.79,0.61,4.31
CsBeBr3,ABX3,1,1,3,9.01,1.57,-48.00,899.50,1757.10,14848.70,1848.00,1820.00,297.00,79.90,947.30,1.35,0.23,2.01
CsBeCl3,ABX3,1,1,3,9.01,1.57,-48.00,899.50,1757.10,14848.70,1848.00,1820.00,297.00,35.45,478.20,1.40,0.25,3.68
CsBeI3,ABX3,1,1,3,9.01,1.57,-48.00,899.50,1757.10,14848.70,1848.00,1820.00,297.00,126.90,429.00,1.29,0.20,0.09
CsCaBr3,ABX3,1,1,3,40.08,1.00,2.37,589.80,1145.40,4912.40,1550.00,631.00,155.00,79.90,947.30,0.96,0.51,5.62
CsCaCl3,ABX3,1,1,3,40.08,1.00,2.37,589.80,1145.40,4912.40,1550.00,631.00,155.00,35.45,478.20,0.98,0.55,6.81
CsCaI3,ABX3,1,1,3,40.08,1.00,2.37,589.80,1145.40,4912.40,1550.00,631.00,155.00,126.90,429.00,0.95,0.45,4.62
CsCdBr3,ABX3,1,1,3,112.41,1.69,-68.00,867.80,1631.40,3616.00,7140.00,230.00,119.00,79.90,947.30,1.09,0.48,1.83
CsCdCl3,ABX3,1,1,3,112.41,1.69,-68.00,867.80,1631.40,3616.00,7140.00,230.00,119.00,35.45,478.20,1.11,0.52,3.14
CsCdI3,ABX3,1,1,3,112.41,1.69,-68.00,867.80,1631.40,3616.00,7140.00,230.00,119.00,126.90,429.00,1.06,0.43,0.28
CsGeBr3,ABX3,1,1,3,72.63,2.01,119.00,762.00,1537.50,3302.10,5323.00,321.40,334.00,79.90,947.30,1.27,0.37,1.01
CsGeCl3,ABX3,1,1,3,72.63,2.01,119.00,762.00,1537.50,3302.10,5323.00,321.40,334.00,35.45,478.20,1.31,0.40,1.42
CsMgBr3,ABX3,1,1,3,24.31,1.31,-40.00,737.70,1450.70,7732.70,1738.00,1020.00,128.00,79.90,947.30,1.16,0.37,3.78
CsMgCl3,ABX3,1,1,3,24.31,1.31,-40.00,737.70,1450.70,7732.70,1738.00,1020.00,128.00,35.45,478.20,1.19,0.40,5.55
CsMgI3,ABX3,1,1,3,24.31,1.31,-40.00,737.70,1450.70,7732.70,1738.00,1020.00,128.00,126.90,429.00,1.12,0.33,1.97
CsMnBr3,ABX3,1,1,3,54.94,1.55,-50.00,717.30,1509.00,3248.00,7470.00,479.00,220.00,79.90,947.30,1.09,0.42,2.46
CsMnCl3,ABX3,1,1,3,54.94,1.55,-50.00,717.30,1509.00,3248.00,7470.00,479.00,220.00,35.45,478.20,1.11,0.46,3.17
CsMnI3,ABX3,1,1,3,54.94,1.55,-50.00,717.30,1509.00,3248.00,7470.00,479.00,220.00,126.90,429.00,1.06,0.38,1.09
CsNiCl3,ABX3,1,1,3,58.69,1.91,112.00,737.10,1753.00,3395.00,8908.00,445.00,378.00,35.45,478.20,1.17,0.38,2.54
CsPbBr3,ABX3,1,1,3,207.20,2.33,35.10,715.60,1450.50,3081.50,11340.00,127.00,178.00,79.90,947.30,1.12,0.61,1.26
CsPbCl3,ABX3,1,1,3,207.20,2.33,35.10,715.60,1450.50,3081.50,11340.00,127.00,178.00,35.45,478.20,1.14,0.66,1.78
CsPbI3,ABX3,1,1,3,207.20,2.33,35.10,715.60,1450.50,3081.50,11340.00,127.00,178.00,126.90,429.00,1.09,0.54,0.78
CsSiBr3,ABX3,1,1,3,28.09,1.90,133.60,786.50,1577.10,3231.60,2330.00,710.00,359.00,79.90,947.30,1.35,0.20,0.08
CsSiCl3,ABX3,1,1,3,28.09,1.90,133.60,786.50,1577.10,3231.60,2330.00,710.00,359.00,35.45,478.20,1.40,0.22,0.30
CsSnBr3,ABX3,1,1,3,118.71,1.61,42.50,577.50,1411.80,2943.00,2700.00,217.00,293.00,79.90,947.30,1.16,0.35,0.62
CsSnCl3,ABX3,1,1,3,118.71,1.61,42.50,577.50,1411.80,2943.00,2700.00,217.00,293.00,35.45,478.20,1.19,0.38,1.08
CsSrBr3,ABX3,1,1,3,87.62,0.95,5.03,549.50,1064.20,4138.00,2630.00,300.00,137.00,79.90,947.30,0.89,0.60,5.35
CsSrCl3,ABX3,1,1,3,87.62,0.95,5.03,549.50,1064.20,4138.00,2630.00,300.00,137.00,35.45,478.20,0.89,0.65,6.39
CsSrI3,ABX3,1,1,3,87.62,0.95,5.03,549.50,1064.20,4138.00,2630.00,300.00,137.00,126.90,429.00,0.87,0.54,4.45
CsVBr3,ABX3,1,1,3,50.94,1.63,50.60,650.90,1414.00,2830.00,6110.00,489.00,453.00,79.90,947.30,1.05,0.28,2.79
CsVCl3,ABX3,1,1,3,50.94,1.63,50.60,650.90,1414.00,2830.00,6110.00,489.00,453.00,35.45,478.20,1.07,0.30,2.87
CsVI3,ABX3,1,1,3,50.94,1.63,50.60,650.90,1414.00,2830.00,6110.00,489.00,453.00,126.90,429.00,1.02,0.25,2.66
CsZnBr3,ABX3,1,1,3,65.38,1.65,-58.00,906.40,1733.30,3833.00,7140.00,388.00,119.00,79.90,947.30,1.17,0.38,1.28
CsZnCl3,ABX3,1,1,3,65.38,1.65,-58.00,906.40,1733.30,3833.00,7140.00,388.00,119.00,35.45,478.20,1.21,0.41,2.85
KGeBr3,ABX3,1,1,3,72.63,2.01,119.00,762.00,1537.50,3302.10,5323.00,321.40,334.00,79.90,947.30,1.09,0.37,0.80
KGeCl3,ABX3,1,1,3,72.63,2.01,119.00,762.00,1537.50,3302.10,5323.00,321.40,334.00,35.45,478.20,1.12,0.40,1.16
KGeI3,ABX3,1,1,3,72.63,2.01,119.00,762.00,1537.50,3302.10,5323.00,321.40,334.00,126.90,429.00,1.05,0.33,0.56
KPbBr3,ABX3,1,1,3,207.20,2.33,35.10,715.60,1450.50,3081.50,11340.00,127.00,178.00,79.90,947.30,0.96,0.61,1.18
KPbCl3,ABX3,1,1,3,207.20,2.33,35.10,715.60,1450.50,3081.50,11340.00,127.00,178.00,35.45,478.20,0.98,0.66,1.70
KPbI3,ABX3,1,1,3,207.20,2.33,35.10,715.60,1450.50,3081.50,11340.00,127.00,178.00,126.90,429.00,0.94,0.54,0.71
KSiBr3,ABX3,1,1,3,28.09,1.90,133.60,786.50,1577.10,3231.60,2330.00,710.00,359.00,79.90,947.30,1.16,0.20,0.09
KSiCl3,ABX3,1,1,3,28.09,1.90,133.60,786.50,1577.10,3231.60,2330.00,710.00,359.00,35.45,478.20,1.20,0.22,0.08
KSnBr3,ABX3,1,1,3,118.71,1.61,42.50,577.50,1411.80,2943.00,2700.00,217.00,293.00,79.90,947.30,1.00,0.35,0.46
KSnCl3,ABX3,1,1,3,118.71,1.61,42.50,577.50,1411.80,2943.00,2700.00,217.00,293.00,35.45,478.20,1.02,0.38,0.95
KSnI3,ABX3,1,1,3,118.71,1.61,42.50,577.50,1411.80,2943.00,2700.00,217.00,293.00,126.90,429.00,0.97,0.31,0.12
RbGeBr3,ABX3,1,1,3,72.63,2.01,119.00,762.00,1537.50,3302.10,5323.00,321.40,334.00,79.90,947.30,1.16,0.37,0.88
RbGeCl3,ABX3,1,1,3,72.63,2.01,119.00,762.00,1537.50,3302.10,5323.00,321.40,334.00,35.45,478.20,1.19,0.40,1.26
RbGeI3,ABX3,1,1,3,72.63,2.01,119.00,762.00,1537.50,3302.10,5323.00,321.40,334.00,126.90,429.00,1.12,0.33,0.62
RbPbBr3,ABX3,1,1,3,207.20,2.33,35.10,715.60,1450.50,3081.50,11340.00,127.00,178.00,79.90,947.30,1.02,0.61,1.22
RbPbCl3,ABX3,1,1,3,207.20,2.33,35.10,715.60,1450.50,3081.50,11340.00,127.00,178.00,35.45,478.20,1.04,0.66,1.74
RbPbI3,ABX3,1,1,3,207.20,2.33,35.10,715.60,1450.50,3081.50,11340.00,127.00,178.00,126.90,429.00,1.00,0.54,0.74
RbSiBr3,ABX3,1,1,3,28.09,1.90,133.60,786.50,1577.10,3231.60,2330.00,710.00,359.00,79.90,947.30,1.24,0.20,0.09
RbSnBr3,ABX3,1,1,3,118.71,1.61,42.50,577.50,1411.80,2943.00,2700.00,217.00,293.00,79.90,947.30,1.06,0.35,0.50
RbSnCl3,ABX3,1,1,3,118.71,1.61,42.50,577.50,1411.80,2943.00,2700.00,217.00,293.00,35.45,478.20,1.09,0.38,1.00
RbSnI3,ABX3,1,1,3,118.71,1.61,42.50,577.50,1411.80,2943.00,2700.00,217.00,293.00,126.90,429.00,1.03,0.31,0.19
Cs2PbBr6,A2BX6,2,1,6,207.20,2.33,35.10,715.60,1450.50,3081.50,11340.00,127.00,178.00,79.90,947.30,1.12,0.61,0.99
Cs2PbCl6,A2BX6,2,1,6,207.20,2.33,35.10,715.60,1450.50,3081.50,11340.00,127.00,178.00,35.45,478.20,1.14,0.66,2.38
Cs2SnCl6,A2BX6,2,1,6,118.71,1.61,42.50,577.50,1411.80,2943.00,2700.00,217.00,293.00,126.90,429.00,1.12,0.31,3.90
Cs2TeBr6,A2BX6,2,1,6,127.60,2.10,190.20,869.30,1790.00,2698.00,6240.00,210.00,48.00,79.90,947.30,1.28,0.49,2.62
Cs2TeCl6,A2BX6,2,1,6,127.60,2.10,190.20,869.30,1790.00,2698.00,6240.00,210.00,48.00,35.45,478.20,1.32,0.54,3.40
Cs2TeI6,A2BX6,2,1,6,127.60,2.10,190.20,869.30,1790.00,2698.00,6240.00,210.00,48.00,126.90,429.00,1.23,0.44,1.68
Cs2TiBr6,A2BX6,2,1,6,47.87,1.54,7.60,658.80,1309.80,2652.50,4507.00,520.00,425.00,79.90,947.30,1.03,0.31,3.64
Cs2TiCl6,A2BX6,2,1,6,47.87,1.54,7.60,658.80,1309.80,2652.50,4507.00,520.00,425.00,35.45,478.20,1.05,0.33,4.54
Cs2TiI6,A2BX6,2,1,6,47.87,1.54,7.60,658.80,1309.80,2652.50,4507.00,520.00,425.00,126.90,429.00,1.00,0.28,2.59
Cs2ZrBr6,A2BX6,2,1,6,91.22,1.33,41.10,640.10,1270.00,2218.00,6511.00,278.00,580.00,79.90,947.30,0.92,0.37,4.23
Cs2ZrCl6,A2BX6,2,1,6,91.22,1.33,41.10,640.10,1270.00,2218.00,6511.00,278.00,580.00,35.45,478.20,0.94,0.40,5.36
Cs2ZrI6,A2BX6,2,1,6,91.22,1.33,41.10,640.10,1270.00,2218.00,6511.00,278.00,580.00,126.90,429.00,0.91,0.33,2.86
Cs2GeBr6,A2BX6,2,1,6,72.63,2.01,119.00,762.00,1537.50,3302.10,5323.00,321.40,334.00,79.90,947.30,1.27,0.37,1.71
Cs2GeCl6,A2BX6,2,1,6,72.63,2.01,119.00,762.00,1537.50,3302.10,5323.00,321.40,334.00,35.45,478.20,1.31,0.40,3.43
Cs2HfBr6,A2BX6,2,1,6,1.01,2.20,72.80,1312.00,1440.00,2250.00,0.09,144.00,630.00,79.90,947.30,0.92,0.36,4.49
Cs2HfCl6,A2BX6,2,1,6,1.01,2.20,72.80,1312.00,1440.00,2250.00,0.09,144.00,630.00,35.45,478.20,0.93,0.39,5.68
Cs2HfI6,A2BX6,2,1,6,1.01,2.20,72.80,1312.00,1440.00,2250.00,0.09,144.00,630.00,126.90,429.00,0.90,0.32,3.05
Rb2TeCl6,A2BX6,2,1,6,127.60,2.10,190.20,869.30,1790.00,2698.00,6240.00,210.00,48.00,126.90,429.00,1.13,0.44,3.29
Cs2NaInBr6,A2BB'X6,2,2,6,68.90,1.36,40.85,527.05,3191.35,4807.15,4139.00,731.50,163.85,79.90,947.30,1.04,0.46,2.97
Cs2NaInCl6,A2BB'X6,2,2,6,68.90,1.36,40.85,527.05,3191.35,4807.15,4139.00,731.50,163.85,35.45,478.20,1.06,0.50,4.49
Cs2NaSbBr6,A2BB'X6,2,2,6,72.37,1.49,78.00,664.90,3078.45,4675.15,3832.50,718.50,82.85,79.90,947.30,1.08,0.45,3.21
Cs2NaSbCl6,A2BB'X6,2,2,6,72.37,1.49,78.00,664.90,3078.45,4675.15,3832.50,718.50,82.85,35.45,478.20,1.11,0.49,3.90
Cs2AgAsBr6,A2BB'X6,2,2,6,91.39,2.06,101.80,839.00,1934.00,3048.00,8108.50,281.50,143.70,79.90,947.30,1.19,0.44,1.64
Cs2AgAsCl6,A2BB'X6,2,2,6,91.39,2.06,101.80,839.00,1934.00,3048.00,8108.50,281.50,143.70,35.45,478.20,1.23,0.48,2.30
Cs2AgAsI6,A2BB'X6,2,2,6,91.39,2.06,101.80,839.00,1934.00,3048.00,8108.50,281.50,143.70,126.90,429.00,1.15,0.39,0.92
Cs2AgInCl6,A2BB'X6,2,2,6,111.34,1.86,77.25,644.65,1945.35,3032.50,8900.00,234.00,242.50,35.45,478.20,1.12,0.54,2.46
Cs2AgSbBr6,A2BB'X6,2,2,6,114.81,1.99,114.40,782.50,1832.45,2900.50,8593.50,221.00,161.50,79.90,947.30,1.15,0.49,1.67
Cs2AgSbCl6,A2BB'X6,2,2,6,114.81,1.99,114.40,782.50,1832.45,2900.50,8593.50,221.00,161.50,35.45,478.20,1.17,0.53,2.33
Cs2AgSbI6,A2BB'X6,2,2,6,114.81,1.99,114.40,782.50,1832.45,2900.50,8593.50,221.00,161.50,126.90,429.00,1.11,0.43,0.95
Cs2CsGaBr6,A2BB'X6,2,2,6,101.31,1.30,37.20,477.25,2106.80,3181.50,3891.50,306.50,160.50,79.90,947.30,0.89,0.58,3.63
Cs2CsInCl6,A2BB'X6,2,2,6,123.86,1.29,37.20,467.00,2027.50,3052.00,4594.50,237.50,147.50,35.45,478.20,0.87,0.68,5.31
Cs2RbInCl6,A2BB'X6,2,2,6,100.14,1.30,37.90,480.65,2226.85,3282.00,4421.00,298.50,151.00,35.45,478.20,0.92,0.64,5.17
Cs2CuAsBr6,A2BB'X6,2,2,6,69.23,2.04,98.20,846.25,1877.95,3145.00,7343.50,356.20,166.20,79.90,947.30,1.24,0.33,1.56
Cs2CuAsCl6,A2BB'X6,2,2,6,69.23,2.04,98.20,846.25,1877.95,3145.00,7343.50,356.20,166.20,35.45,478.20,1.28,0.36,2.18
Cs2CuAsI6,A2BB'X6,2,2,6,69.23,2.04,98.20,846.25,1877.95,3145.00,7343.50,356.20,166.20,126.90,429.00,1.19,0.30,0.57
Cs2CuBiBr6,A2BB'X6,2,2,6,136.26,1.96,104.80,724.25,1783.95,3010.50,9370.00,253.20,230.00,79.90,947.30,1.16,0.45,1.94
Cs2CuBiCl6,A2BB'X6,2,2,6,136.26,1.96,104.80,724.25,1783.95,3010.50,9370.00,253.20,230.00,35.45,478.20,1.20,0.49,2.51
Cs2CuBiI6,A2BB'X6,2,2,6,136.26,1.96,104.80,724.25,1783.95,3010.50,9370.00,253.20,230.00,126.90,429.00,1.13,0.40,1.23
Cs2CuSbBr6,A2BB'X6,2,2,6,92.65,1.98,110.80,789.75,1776.40,2997.50,7828.50,295.70,184.00,79.90,947.30,1.19,0.38,1.59
Cs2CuSbCl6,A2BB'X6,2,2,6,92.65,1.98,110.80,789.75,1776.40,2997.50,7828.50,295.70,184.00,35.45,478.20,1.22,0.41,2.22
Cs2CuSbI6,A2BB'X6,2,2,6,92.65,1.98,110.80,789.75,1776.40,2997.50,7828.50,295.70,184.00,126.90,429.00,1.15,0.34,0.89
Cs2KInBr6,A2BB'X6,2,2,6,76.96,1.30,38.65,488.55,2436.35,3562.00,4083.00,495.00,153.45,79.90,947.30,0.94,0.56,3.61
Cs2KInCl6,A2BB'X6,2,2,6,76.96,1.30,38.65,488.55,2436.35,3562.00,4083.00,495.00,153.45,35.45,478.20,0.96,0.60,5.07
Cs2KSbCl6,A2BB'X6,2,2,6,80.43,1.44,75.80,626.40,2323.45,3430.00,3776.50,482.00,72.45,35.45,478.20,1.00,0.59,4.17
K2NaInCl6,A2BB'X6,2,2,6,68.90,1.36,40.85,527.05,3191.35,4807.15,4139.00,731.50,163.85,35.45,478.20,0.90,0.50,4.60
Rb2AgInCl6,A2BB'X6,2,2,6,111.34,1.86,77.25,644.65,1945.35,3032.50,8900.00,234.00,242.50,35.45,478.20,1.02,0.54,2.42
Rb2AgSbCl6,A2BB'X6,2,2,6,114.81,1.99,114.40,782.50,1832.45,2900.50,8593.50,221.00,161.50,35.45,478.20,1.07,0.53,2.27
Rb2KInCl6,A2BB'X6,2,2,6,76.96,1.30,38.65,488.55,2436.35,3562.00,4083.00,495.00,153.45,35.45,478.20,0.87,0.60,5.12
Rb2NaInBr6,A2BB'X6,2,2,6,68.90,1.36,40.85,527.05,3191.35,4807.15,4139.00,731.50,163.85,79.90,947.30,0.95,0.46,3.00
Rb2NaInCl6,A2BB'X6,2,2,6,68.90,1.36,40.85,527.05,3191.35,4807.15,4139.00,731.50,163.85,35.45,478.20,0.97,0.50,4.56
Rb2NaSbCl6,A2BB'X6,2,2,6,72.37,1.49,78.00,664.90,3078.45,4675.15,3832.50,718.50,82.85,35.45,478.20,1.01,0.49,3.90
Cs3Al2Br9,A3B2X9,3,2,9,26.98,1.61,42.50,577.50,1816.70,2744.80,2700.00,904.00,293.00,79.90,947.30,1.31,0.27,2.46
Cs3Al2Cl9,A3B2X9,3,2,9,26.98,1.61,42.50,577.50,1816.70,2744.80,2700.00,904.00,293.00,35.45,478.20,1.35,0.30,4.01
Cs3Al2I9,A3B2X9,3,2,9,26.98,1.61,42.50,577.50,1816.70,2744.80,2700.00,904.00,293.00,126.90,429.00,1.25,0.24,0.87
Cs3As2Br9,A3B2X9,3,2,9,74.92,2.18,78.00,947.00,1798.00,2735.00,5727.00,328.00,32.40,79.90,947.30,1.33,0.30,2.62
Cs3As2Cl9,A3B2X9,3,2,9,74.92,2.18,78.00,947.00,1798.00,2735.00,5727.00,328.00,32.40,35.45,478.20,1.38,0.32,3.28
Cs3As2I9,A3B2X9,3,2,9,74.92,2.18,78.00,947.00,1798.00,2735.00,5727.00,328.00,32.40,126.90,429.00,1.28,0.26,1.81
Cs3B2Br9,A3B2X9,3,2,9,10.81,2.04,26.70,800.60,2427.10,3659.70,2460.00,1030.00,507.00,79.90,947.30,1.53,0.14,1.90
Cs3B2Cl9,A3B2X9,3,2,9,10.81,2.04,26.70,800.60,2427.10,3659.70,2460.00,1030.00,507.00,35.45,478.20,1.61,0.15,2.96
Cs3B2I9,A3B2X9,3,2,9,10.81,2.04,26.70,800.60,2427.10,3659.70,2460.00,1030.00,507.00,126.90,429.00,1.45,0.12,0.37
Cs3Bi2Br9,A3B2X9,3,2,9,69.72,1.81,28.90,578.80,1979.30,2963.00,5904.00,371.00,256.00,79.90,947.30,1.21,0.32,2.51
Ag3Ga2Br9,A3B2X9,3,2,9,69.72,1.81,28.90,578.80,1979.30,2963.00,5904.00,371.00,256.00,35.45,478.20,1.24,0.34,0.86
Ag3Ga2Cl9,A3B2X9,3,2,9,69.72,1.81,28.90,578.80,1979.30,2963.00,5904.00,371.00,256.00,126.90,429.00,1.16,0.28,2.33
Cs3Bi2Cl9,A3B2X9,3,2,9,208.98,2.02,91.20,703.00,1610.00,2466.00,9780.00,122.00,160.00,35.45,478.20,1.20,0.57,3.01
Cs3Bi2I9,A3B2X9,3,2,9,208.98,2.02,91.20,703.00,1610.00,2466.00,9780.00,122.00,160.00,126.90,429.00,1.13,0.47,1.83
Cs3Cr2Br9,A3B2X9,3,2,9,52.00,1.66,64.30,652.90,1590.60,2987.00,7190.00,448.00,339.00,79.90,947.30,1.07,0.31,2.72
Cs3Cr2Cl9,A3B2X9,3,2,9,52.00,1.66,64.30,652.90,1590.60,2987.00,7190.00,448.00,339.00,35.45,478.20,1.09,0.34,3.59
Cs3Cr2I9,A3B2X9,3,2,9,52.00,1.66,64.30,652.90,1590.60,2987.00,7190.00,448.00,339.00,126.90,429.00,1.04,0.28,1.46
Cs3Fe2Br9,A3B2X9,3,2,9,55.85,1.83,15.70,762.50,1561.90,2957.00,7874.00,449.00,347.00,79.90,947.30,1.11,0.40,2.61
Cs3Fe2Cl9,A3B2X9,3,2,9,55.85,1.83,15.70,762.50,1561.90,2957.00,7874.00,449.00,347.00,35.45,478.20,1.13,0.43,3.05
Cs3Ga2Br9,A3B2X9,3,2,9,69.72,1.81,28.90,578.80,1979.30,2963.00,5904.00,371.00,256.00,79.90,947.30,1.21,0.32,1.47
Cs3Ga2Cl9,A3B2X9,3,2,9,69.72,1.81,28.90,578.80,1979.30,2963.00,5904.00,371.00,256.00,35.45,478.20,1.24,0.34,2.83
Cs3In2Br9,A3B2X9,3,2,9,114.82,1.78,28.90,558.30,1820.70,2704.00,7310.00,233.00,230.00,79.90,947.30,1.11,0.41,1.83
Cs3In2Cl9,A3B2X9,3,2,9,114.82,1.78,28.90,558.30,1820.70,2704.00,7310.00,233.00,230.00,35.45,478.20,1.13,0.44,3.16
Cs3In2I9,A3B2X9,3,2,9,114.82,1.78,28.90,558.30,1820.70,2704.00,7310.00,233.00,230.00,126.90,429.00,1.08,0.36,0.38
Cs3Sb2Br9,A3B2X9,3,2,9,121.76,2.05,103.20,834.00,1594.90,2440.00,6697.00,207.00,68.00,79.90,947.30,1.22,0.39,2.37
Cs3Sb2Cl9,A3B2X9,3,2,9,121.76,2.05,103.20,834.00,1594.90,2440.00,6697.00,207.00,68.00,35.45,478.20,1.26,0.42,2.77
Cs3Sb2l9,A3B2X9,3,2,9,121.76,2.05,103.20,834.00,1594.90,2440.00,6697.00,207.00,68.00,126.90,429.00,1.18,0.35,1.77
Cs3Sc2Br9,A3B2X9,3,2,9,44.96,1.36,18.10,633.10,1235.00,2388.60,2985.00,567.00,318.00,79.90,947.30,1.00,0.38,4.68
Cs3Sc2Cl9,A3B2X9,3,2,9,44.96,1.36,18.10,633.10,1235.00,2388.60,2985.00,567.00,318.00,35.45,478.20,1.01,0.41,5.69
Cs3Sc2l9,A3B2X9,3,2,9,44.96,1.36,18.10,633.10,1235.00,2388.60,2985.00,567.00,318.00,126.90,429.00,0.98,0.34,3.42
Cs3Ti2l9,A3B2X9,3,2,9,47.87,1.54,7.60,658.80,1309.80,2652.50,4507.00,520.00,425.00,126.90,429.00,1.00,0.28,1.79
Cs3V2Br9,A3B2X9,3,2,9,50.94,1.63,50.60,650.90,1414.00,2830.00,6110.00,489.00,453.00,79.90,947.30,1.05,0.28,2.19
Cs3V2Cl9,A3B2X9,3,2,9,50.94,1.63,50.60,650.90,1414.00,2830.00,6110.00,489.00,453.00,35.45,478.20,1.07,0.30,2.55
Cs3W2Br9,A3B2X9,3,2,9,183.84,2.36,78.60,770.00,1700.00,2510.00,19250.00,132.00,800.00,79.90,947.30,0.97,0.31,1.62
Cs3W2C19,A3B2X9,3,2,9,183.84,2.36,78.60,770.00,1700.00,2510.00,19250.00,132.00,800.00,35.45,478.20,0.98,0.33,1.60
Cu3Ga2Cl9,A3B2X9,3,2,9,69.72,1.81,28.90,578.80,1979.30,2963.00,5904.00,371.00,256.00,35.45,478.20,1.24,0.34,1.80
K3Ga2Br9,A3B2X9,3,2,9,69.72,1.81,28.90,578.80,1979.30,2963.00,5904.00,371.00,256.00,79.90,947.30,1.04,0.32,1.32
K3Ga2Cl9,A3B2X9,3,2,9,69.72,1.81,28.90,578.80,1979.30,2963.00,5904.00,371.00,256.00,35.45,478.20,1.06,0.34,2.74
K3In2BI9,A3B2X9,3,2,9,114.82,1.78,28.90,558.30,1820.70,2704.00,7310.00,233.00,230.00,79.90,947.30,0.95,0.41,1.74
K3In2Cl9,A3B2X9,3,2,9,114.82,1.78,28.90,558.30,1820.70,2704.00,7310.00,233.00,230.00,35.45,478.20,0.97,0.44,3.14
K3In2I9,A3B2X9,3,2,9,114.82,1.78,28.90,558.30,1820.70,2704.00,7310.00,233.00,230.00,126.90,429.00,0.93,0.36,0.27
K3Sb2Br9,A3B2X9,3,2,9,121.76,2.05,103.20,834.00,1594.90,2440.00,6697.00,207.00,68.00,79.90,947.30,1.05,0.39,2.29
K3Sb2Cl9,A3B2X9,3,2,9,121.76,2.05,103.20,834.00,1594.90,2440.00,6697.00,207.00,68.00,35.45,478.20,1.07,0.42,2.64
K3Sb2I9,A3B2X9,3,2,9,121.76,2.05,103.20,834.00,1594.90,2440.00,6697.00,207.00,68.00,126.90,429.00,1.02,0.35,1.68
Na3Ga2Br9,A3B2X9,3,2,9,69.72,1.81,28.90,578.80,1979.30,2963.00,5904.00,371.00,256.00,79.90,947.30,0.87,0.32,1.49
Na3Ga2Cl9,A3B2X9,3,2,9,69.72,1.81,28.90,578.80,1979.30,2963.00,5904.00,371.00,256.00,35.45,478.20,0.88,0.34,2.68
Na3In2Br9,A3B2X9,3,2,9,114.82,1.78,28.90,558.30,1820.70,2704.00,7310.00,233.00,230.00,79.90,947.30,0.80,0.41,1.64
Na3In2I9,A3B2X9,3,2,9,114.82,1.78,28.90,558.30,1820.70,2704.00,7310.00,233.00,230.00,126.90,429.00,0.80,0.36,0.14
Rb3Ga2Br9,A3B2X9,3,2,9,69.72,1.81,28.90,578.80,1979.30,2963.00,5904.00,371.00,256.00,79.90,947.30,1.10,0.32,1.38
Rb3Ga2Cl9,A3B2X9,3,2,9,69.72,1.81,28.90,578.80,1979.30,2963.00,5904.00,371.00,256.00,35.45,478.20,1.13,0.34,2.77
Rb3In2Br9,A3B2X9,3,2,9,114.82,1.78,28.90,558.30,1820.70,2704.00,7310.00,233.00,230.00,79.90,947.30,1.02,0.41,1.77
Rb31n2Cl9,A3B2X9,3,2,9,114.82,1.78,28.90,558.30,1820.70,2704.00,7310.00,233.00,230.00,35.45,478.20,1.04,0.44,3.14
Rb3In2I9,A3B2X9,3,2,9,114.82,1.78,28.90,558.30,1820.70,2704.00,7310.00,233.00,230.00,126.90,429.00,0.99,0.36,0.32
Rb3Sb2Br9,A3B2X9,3,2,9,121.76,2.05,103.20,834.00,1594.90,2440.00,6697.00,207.00,68.00,79.90,947.30,1.12,0.39,2.32
Rb3Sb2Cl9,A3B2X9,3,2,9,121.76,2.05,103.20,834.00,1594.90,2440.00,6697.00,207.00,68.00,35.45,478.20,1.15,0.42,2.70
Rb3Sb2I9,A3B2X9,3,2,9,121.76,2.05,103.20,834.00,1594.90,2440.00,6697.00,207.00,68.00,126.90,429.00,1.08,0.35,1.71
Cs4BaBr6,A4BX6,4,1,6,137.33,0.89,13.95,502.90,965.20,3600.00,3510.00,205.00,140.00,79.90,947.30,0.80,0.69,5.38
Cs4BaCl6,A4BX6,4,1,6,137.33,0.89,13.95,502.90,965.20,3600.00,3510.00,205.00,140.00,35.45,478.20,0.80,0.75,6.28
Cs4Bal6,A4BX6,4,1,6,137.33,0.89,13.95,502.90,965.20,3600.00,3510.00,205.00,140.00,126.90,429.00,0.79,0.61,4.58
Cs4BeBr6,A4BX6,4,1,6,9.01,1.57,-48.00,899.50,1757.10,14848.70,1848.00,1820.00,297.00,79.90,947.30,1.35,0.23,4.68
Cs4BeCl6,A4BX6,4,1,6,9.01,1.57,-48.00,899.50,1757.10,14848.70,1848.00,1820.00,297.00,35.45,478.20,1.40,0.25,5.57
Cs4Bel6,A4BX6,4,1,6,9.01,1.57,-48.00,899.50,1757.10,14848.70,1848.00,1820.00,297.00,126.90,429.00,1.29,0.20,3.63
Cs4CaBr6,A4BX6,4,1,6,40.08,1.00,2.37,589.80,1145.40,4912.40,1550.00,631.00,155.00,79.90,947.30,0.96,0.51,5.39
Cs4CaCl6,A4BX6,4,1,6,40.08,1.00,2.37,589.80,1145.40,4912.40,1550.00,631.00,155.00,35.45,478.20,0.98,0.55,6.31
Cs4CaI6,A4BX6,4,1,6,40.08,1.00,2.37,589.80,1145.40,4912.40,1550.00,631.00,155.00,126.90,429.00,0.95,0.45,4.57
Cs4CdBr6,A4BX6,4,1,6,112.41,1.69,-68.00,867.80,1631.40,3616.00,7140.00,230.00,119.00,79.90,947.30,1.09,0.48,4.38
Cs4CdCl6,A4BX6,4,1,6,112.41,1.69,-68.00,867.80,1631.40,3616.00,7140.00,230.00,119.00,35.45,478.20,1.11,0.52,5.39
Cs4Cdl6,A4BX6,4,1,6,112.41,1.69,-68.00,867.80,1631.40,3616.00,7140.00,230.00,119.00,126.90,429.00,1.06,0.43,3.31
Cs4CrBr6,A4BX6,4,1,6,52.00,1.66,64.30,652.90,1590.60,2987.00,7190.00,448.00,339.00,79.90,947.30,1.07,0.31,2.66
Cs4CuBr6,A4BX6,4,1,6,63.55,1.90,118.40,745.50,1957.90,3555.00,8960.00,384.40,300.00,79.90,947.30,1.16,0.37,1.25
cs4cuCl6,A4BX6,4,1,6,63.55,1.90,118.40,745.50,1957.90,3555.00,8960.00,384.40,300.00,35.45,478.20,1.19,0.40,2.33
Cs4CuI6,A4BX6,4,1,6,63.55,1.90,118.40,745.50,1957.90,3555.00,8960.00,384.40,300.00,126.90,429.00,1.12,0.33,0.35
Cs4GeBr6,A4BX6,4,1,6,72.63,2.01,119.00,762.00,1537.50,3302.10,5323.00,321.40,334.00,79.90,947.30,1.27,0.37,4.43
Cs4GeCl6,A4BX6,4,1,6,72.63,2.01,119.00,762.00,1537.50,3302.10,5323.00,321.40,334.00,35.45,478.20,1.31,0.40,4.84
Cs4InBr6,A4BX6,4,1,6,114.82,1.78,28.90,558.30,1820.70,2704.00,7310.00,233.00,230.00,79.90,947.30,1.11,0.41,0.59
Cs4InCl6,A4BX6,4,1,6,114.82,1.78,28.90,558.30,1820.70,2704.00,7310.00,233.00,230.00,35.45,478.20,1.13,0.44,0.74
Cs4InI6,A4BX6,4,1,6,114.82,1.78,28.90,558.30,1820.70,2704.00,7310.00,233.00,230.00,126.90,429.00,1.08,0.36,0.37
Cs4MgBr6,A4BX6,4,1,6,24.31,1.31,-40.00,737.70,1450.70,7732.70,1738.00,1020.00,128.00,79.90,947.30,1.16,0.37,5.05
Cs4MgCl6,A4BX6,4,1,6,24.31,1.31,-40.00,737.70,1450.70,7732.70,1738.00,1020.00,128.00,35.45,478.20,1.19,0.40,5.99
Cs4MgI6,A4BX6,4,1,6,24.31,1.31,-40.00,737.70,1450.70,7732.70,1738.00,1020.00,128.00,126.90,429.00,1.12,0.33,4.10
Cs4MnBr6,A4BX6,4,1,6,54.94,1.55,-50.00,717.30,1509.00,3248.00,7470.00,479.00,220.00,79.90,947.30,1.09,0.42,3.87
Cs4MnCl6,A4BX6,4,1,6,54.94,1.55,-50.00,717.30,1509.00,3248.00,7470.00,479.00,220.00,35.45,478.20,1.11,0.46,4.03
Cs4Mnl6,A4BX6,4,1,6,54.94,1.55,-50.00,717.30,1509.00,3248.00,7470.00,479.00,220.00,126.90,429.00,1.06,0.38,3.56
Cs4NiBr6,A4BX6,4,1,6,58.69,1.91,112.00,737.10,1753.00,3395.00,8908.00,445.00,378.00,79.90,947.30,1.14,0.35,3.94
Cs4NiCl6,A4BX6,4,1,6,58.69,1.91,112.00,737.10,1753.00,3395.00,8908.00,445.00,378.00,35.45,478.20,1.17,0.38,4.61
Cs4Nil6,A4BX6,4,1,6,58.69,1.91,112.00,737.10,1753.00,3395.00,8908.00,445.00,378.00,126.90,429.00,1.11,0.31,2.91
Cs4PbBr6,A4BX6,4,1,6,207.20,2.33,35.10,715.60,1450.50,3081.50,11340.00,127.00,178.00,79.90,947.30,1.12,0.61,4.20
Cs4PbCl6,A4BX6,4,1,6,207.20,2.33,35.10,715.60,1450.50,3081.50,11340.00,127.00,178.00,35.45,478.20,1.14,0.66,4.71
Cs4Pbl6,A4BX6,4,1,6,207.20,2.33,35.10,715.60,1450.50,3081.50,11340.00,127.00,178.00,126.90,429.00,1.09,0.54,3.52
Cs4SiBr6,A4BX6,4,1,6,28.09,1.90,133.60,786.50,1577.10,3231.60,2330.00,710.00,359.00,79.90,947.30,1.35,0.20,3.95
Cs4SiCl6,A4BX6,4,1,6,28.09,1.90,133.60,786.50,1577.10,3231.60,2330.00,710.00,359.00,35.45,478.20,1.40,0.22,4.27
Cs4Sil6,A4BX6,4,1,6,28.09,1.90,133.60,786.50,1577.10,3231.60,2330.00,710.00,359.00,126.90,429.00,1.29,0.18,3.46
Cs4SnBr6,A4BX6,4,1,6,118.71,1.61,42.50,577.50,1411.80,2943.00,2700.00,217.00,293.00,79.90,947.30,1.16,0.35,4.11
Cs4SnCl6,A4BX6,4,1,6,118.71,1.61,42.50,577.50,1411.80,2943.00,2700.00,217.00,293.00,35.45,478.20,1.19,0.38,4.47
Cs4SrBr6,A4BX6,4,1,6,87.62,0.95,5.03,549.50,1064.20,4138.00,2630.00,300.00,137.00,79.90,947.30,0.89,0.60,5.40
Cs4SrCl6,A4BX6,4,1,6,87.62,0.95,5.03,549.50,1064.20,4138.00,2630.00,300.00,137.00,35.45,478.20,0.89,0.65,6.31
Cs4Srl6,A4BX6,4,1,6,87.62,0.95,5.03,549.50,1064.20,4138.00,2630.00,300.00,137.00,126.90,429.00,0.87,0.54,4.58
Cs4TiBr6,A4BX6,4,1,6,47.87,1.54,7.60,658.80,1309.80,2652.50,4507.00,520.00,425.00,79.90,947.30,1.03,0.31,2.51
Cs4TiCl6,A4BX6,4,1,6,47.87,1.54,7.60,658.80,1309.80,2652.50,4507.00,520.00,425.00,35.45,478.20,1.05,0.33,2.30
Cs4TiI6,A4BX6,4,1,6,47.87,1.54,7.60,658.80,1309.80,2652.50,4507.00,520.00,425.00,126.90,429.00,1.00,0.28,2.37
Cs4VBr6,A4BX6,4,1,6,50.94,1.63,50.60,650.90,1414.00,2830.00,6110.00,489.00,453.00,79.90,947.30,1.05,0.28,3.26
Cs4VCl6,A4BX6,4,1,6,50.94,1.63,50.60,650.90,1414.00,2830.00,6110.00,489.00,453.00,35.45,478.20,1.07,0.30,3.26
Cs4VI6,A4BX6,4,1,6,50.94,1.63,50.60,650.90,1414.00,2830.00,6110.00,489.00,453.00,126.90,429.00,1.02,0.25,3.46
Cs4ZnBr6,A4BX6,4,1,6,65.38,1.65,-58.00,906.40,1733.30,3833.00,7140.00,388.00,119.00,79.90,947.30,1.17,0.38,4.37
Cs4ZnCl6,A4BX6,4,1,6,65.38,1.65,-58.00,906.40,1733.30,3833.00,7140.00,388.00,119.00,35.45,478.20,1.21,0.41,5.47
Cs4ZnI6,A4BX6,4,1,6,65.38,1.65,-58.00,906.40,1733.30,3833.00,7140.00,388.00,119.00,126.90,429.00,1.14,0.34,3.14